"from","to","edge_type"
"BMP4","CHST11","ligand_regulation"
"IL4","ITGB3","ligand_regulation"
"TGFB1","COL1A2","ligand_regulation"
"TGFB1","FOXP3","ligand_regulation"
"TGFB1","KLF6","ligand_regulation"
"TGFB1","MYCN","ligand_regulation"
"TGFB1","TBX21","ligand_regulation"
"IL4","ACP5","ligand_regulation"
"TGFB1","ACTB","ligand_regulation"
"TGFB1","ADAM12","ligand_regulation"
"IL6","AHR","ligand_regulation"
"IL4","ALDH1A1","ligand_regulation"
"TGFB1","SLC25A5","ligand_regulation"
"IL6","XIAP","ligand_regulation"
"IL6","AREG","ligand_regulation"
"IL4","ARG1","ligand_regulation"
"TGFB1","ARG1","ligand_regulation"
"TGFB1","BAX","ligand_regulation"
"TGFB1","BCL2","ligand_regulation"
"IL6","BCL2","ligand_regulation"
"IL4","BCL2L1","ligand_regulation"
"IL4","BDNF","ligand_regulation"
"IL4","PRDM1","ligand_regulation"
"IL6","PRDM1","ligand_regulation"
"IL4","CIITA","ligand_regulation"
"IL6","C5AR1","ligand_regulation"
"IL4","CACNB3","ligand_regulation"
"IL6","CAT","ligand_regulation"
"IL6","CASP3","ligand_regulation"
"TGFB1","CASP8","ligand_regulation"
"TGFB1","RUNX2","ligand_regulation"
"TGFB1","RUNX3","ligand_regulation"
"BMP4","CCND1","ligand_regulation"
"IL4","CCR6","ligand_regulation"
"TGFB1","CTLA4","ligand_regulation"
"IL4","CD22","ligand_regulation"
"TGFB1","CD3E","ligand_regulation"
"IL6","CD4","ligand_regulation"
"IL4","CD44","ligand_regulation"
"TGFB1","CD44","ligand_regulation"
"IL4","CD72","ligand_regulation"
"IL4","CD79A","ligand_regulation"
"TGFB1","CD79A","ligand_regulation"
"TGFB1","CD80","ligand_regulation"
"IL6","CD80","ligand_regulation"
"BMP4","CD80","ligand_regulation"
"IL4","CD80","ligand_regulation"
"IL4","CD86","ligand_regulation"
"BMP4","CD86","ligand_regulation"
"IL4","CDH1","ligand_regulation"
"TGFB1","CDH1","ligand_regulation"
"TGFB1","CDH2","ligand_regulation"
"BMP4","CDH3","ligand_regulation"
"BMP4","CDKN1A","ligand_regulation"
"TGFB1","CDKN1A","ligand_regulation"
"IL4","CDKN1A","ligand_regulation"
"BMP4","CDKN1B","ligand_regulation"
"TGFB1","CDKN1B","ligand_regulation"
"IL6","CDKN2D","ligand_regulation"
"BMP4","CDX2","ligand_regulation"
"BMP4","CHRD","ligand_regulation"
"IL4","SOCS3","ligand_regulation"
"IL4","SOCS1","ligand_regulation"
"IL6","CXCR3","ligand_regulation"
"IL4","CXCR3","ligand_regulation"
"IL6","CXCR4","ligand_regulation"
"TGFB1","CCR1","ligand_regulation"
"IL6","CCR3","ligand_regulation"
"IL4","CCR3","ligand_regulation"
"IL6","CCR4","ligand_regulation"
"IL6","CCR5","ligand_regulation"
"IL4","CCR5","ligand_regulation"
"TGFB1","CNN1","ligand_regulation"
"TGFB1","COL19A1","ligand_regulation"
"TGFB1","COL4A3","ligand_regulation"
"TGFB1","COL1A1","ligand_regulation"
"IL6","CR1L","ligand_regulation"
"IL4","CSF1","ligand_regulation"
"TGFB1","CSF1","ligand_regulation"
"IL6","CSF1R","ligand_regulation"
"IL4","CSF2","ligand_regulation"
"TGFB1","CST3","ligand_regulation"
"TGFB1","CTSK","ligand_regulation"
"TGFB1","CUX1","ligand_regulation"
"IL4","CYBB","ligand_regulation"
"TGFB1","DCN","ligand_regulation"
"TGFB1","DES","ligand_regulation"
"BMP4","DKK1","ligand_regulation"
"TGFB1","DLL1","ligand_regulation"
"IL4","DMP1","ligand_regulation"
"TGFB1","CDK2AP1","ligand_regulation"
"IL6","EBP","ligand_regulation"
"IL6","EDN1","ligand_regulation"
"TGFB1","EGR1","ligand_regulation"
"IL6","EGR1","ligand_regulation"
"IL4","EGR2","ligand_regulation"
"TGFB1","ELN","ligand_regulation"
"IL4","ESR2","ligand_regulation"
"TGFB1","PTK2","ligand_regulation"
"IL4","FASLG","ligand_regulation"
"TGFB1","FASLG","ligand_regulation"
"IL4","FCER1G","ligand_regulation"
"IL4","FCER2","ligand_regulation"
"IL6","FCGR1A","ligand_regulation"
"IL4","FCGR2A","ligand_regulation"
"TGFB1","FGF2","ligand_regulation"
"IL4","IL4I1","ligand_regulation"
"TGFB1","CTGF","ligand_regulation"
"IL6","FLT3LG","ligand_regulation"
"TGFB1","FOS","ligand_regulation"
"IL6","FOS","ligand_regulation"
"IL4","FOS","ligand_regulation"
"TGFB1","FOSB","ligand_regulation"
"TGFB1","FSHB","ligand_regulation"
"TGFB1","FST","ligand_regulation"
"IL4","FUT7","ligand_regulation"
"BMP4","GATA2","ligand_regulation"
"TGFB1","GATA3","ligand_regulation"
"IL4","GATA3","ligand_regulation"
"IL6","GATA3","ligand_regulation"
"BMP4","GATA4","ligand_regulation"
"TGFB1","GATA4","ligand_regulation"
"BMP4","GCM1","ligand_regulation"
"BMP4","GDNF","ligand_regulation"
"TGFB1","GFAP","ligand_regulation"
"IL4","GFI1","ligand_regulation"
"TGFB1","GJA1","ligand_regulation"
"IL6","GLS","ligand_regulation"
"IL4","GZMB","ligand_regulation"
"IL4","HLA-DQB1","ligand_regulation"
"IL4","HAND1","ligand_regulation"
"TGFB1","HAND1","ligand_regulation"
"IL6","HAND2","ligand_regulation"
"TGFB1","HAND2","ligand_regulation"
"TGFB1","HAS1","ligand_regulation"
"TGFB1","HAS2","ligand_regulation"
"TGFB1","HDGF","ligand_regulation"
"TGFB1","HEY1","ligand_regulation"
"IL6","HGF","ligand_regulation"
"IL4","HMOX1","ligand_regulation"
"TGFB1","HMOX1","ligand_regulation"
"TGFB1","FOXA1","ligand_regulation"
"TGFB1","HNF4A","ligand_regulation"
"IL6","HSF2","ligand_regulation"
"BMP4","ICAM1","ligand_regulation"
"IL6","ICAM1","ligand_regulation"
"BMP4","ID2","ligand_regulation"
"BMP4","ID3","ligand_regulation"
"IL4","CXCL10","ligand_regulation"
"TGFB1","IFNG","ligand_regulation"
"IL4","IFNG","ligand_regulation"
"IL4","IGF1","ligand_regulation"
"TGFB1","IGF2","ligand_regulation"
"TGFB1","CYR61","ligand_regulation"
"IL6","IGHM","ligand_regulation"
"IL4","IL10","ligand_regulation"
"TGFB1","IL12B","ligand_regulation"
"IL4","IL12B","ligand_regulation"
"TGFB1","IL17A","ligand_regulation"
"IL4","IL18R1","ligand_regulation"
"TGFB1","IL2","ligand_regulation"
"IL4","IL2RA","ligand_regulation"
"TGFB1","IL2RA","ligand_regulation"
"IL4","IL2RB","ligand_regulation"
"IL6","IL4","ligand_regulation"
"IL6","IL4R","ligand_regulation"
"TGFB1","IL5","ligand_regulation"
"TGFB1","IL6","ligand_regulation"
"IL4","IL6","ligand_regulation"
"IL6","IL6R","ligand_regulation"
"IL6","IL6ST","ligand_regulation"
"IL6","IL7","ligand_regulation"
"TGFB1","IL9","ligand_regulation"
"IL4","INSR","ligand_regulation"
"IL6","IRF1","ligand_regulation"
"IL4","IRF2","ligand_regulation"
"TGFB1","ITGAE","ligand_regulation"
"TGFB1","ITGB1BP1","ligand_regulation"
"TGFB1","JAG1","ligand_regulation"
"TGFB1","JUN","ligand_regulation"
"IL4","JUNB","ligand_regulation"
"TGFB1","JUNB","ligand_regulation"
"TGFB1","KDR","ligand_regulation"
"IL6","KDR","ligand_regulation"
"IL4","KIT","ligand_regulation"
"BMP4","KIT","ligand_regulation"
"IL6","KRT18","ligand_regulation"
"TGFB1","LAMA1","ligand_regulation"
"TGFB1","LAMA5","ligand_regulation"
"IL6","LCN2","ligand_regulation"
"BMP4","LEF1","ligand_regulation"
"TGFB1","LTA","ligand_regulation"
"TGFB1","LTBP2","ligand_regulation"
"IL4","LTC4S","ligand_regulation"
"TGFB1","TMED1","ligand_regulation"
"IL4","NCR1","ligand_regulation"
"TGFB1","SMAD7","ligand_regulation"
"IL4","MAF","ligand_regulation"
"IL6","MBP","ligand_regulation"
"TGFB1","MET","ligand_regulation"
"IL6","MET","ligand_regulation"
"IL4","MET","ligand_regulation"
"BMP4","MIF","ligand_regulation"
"IL4","CXCL9","ligand_regulation"
"TGFB1","MMP10","ligand_regulation"
"IL6","MMP13","ligand_regulation"
"IL6","MMP14","ligand_regulation"
"IL6","MMP3","ligand_regulation"
"TGFB1","MMP9","ligand_regulation"
"IL6","MMP9","ligand_regulation"
"IL4","MMP9","ligand_regulation"
"TGFB1","MORC1","ligand_regulation"
"IL4","CD200","ligand_regulation"
"IL4","MRC1","ligand_regulation"
"TGFB1","MSTN","ligand_regulation"
"BMP4","MSX1","ligand_regulation"
"BMP4","MSX2","ligand_regulation"
"IL6","COX1","ligand_regulation"
"IL6","COX2","ligand_regulation"
"IL4","COX2","ligand_regulation"
"TGFB1","COX2","ligand_regulation"
"IL4","MUC5AC","ligand_regulation"
"IL6","MYD88","ligand_regulation"
"TGFB1","MYOD1","ligand_regulation"
"TGFB1","NAB2","ligand_regulation"
"TGFB1","NCAM1","ligand_regulation"
"IL6","NFATC2","ligand_regulation"
"IL6","NFKB1","ligand_regulation"
"IL4","NFKB1","ligand_regulation"
"IL6","NFKB2","ligand_regulation"
"IL4","NGF","ligand_regulation"
"TGFB1","NGF","ligand_regulation"
"BMP4","NKX2-5","ligand_regulation"
"TGFB1","NKX2-5","ligand_regulation"
"BMP4","NOG","ligand_regulation"
"TGFB1","NOS2","ligand_regulation"
"IL4","NOS2","ligand_regulation"
"TGFB1","SIGMAR1","ligand_regulation"
"IL4","PDCD1","ligand_regulation"
"TGFB1","PDGFB","ligand_regulation"
"TGFB1","PIK3R1","ligand_regulation"
"IL4","LILRB3","ligand_regulation"
"IL6","PLA2G4A","ligand_regulation"
"TGFB1","SERPINE1","ligand_regulation"
"TGFB1","PLAU","ligand_regulation"
"TGFB1","PLAUR","ligand_regulation"
"IL6","PLG","ligand_regulation"
"BMP4","POU5F1","ligand_regulation"
"IL6","POU5F1","ligand_regulation"
"IL4","PPARD","ligand_regulation"
"IL4","PPARG","ligand_regulation"
"TGFB1","PPP3R1","ligand_regulation"
"TGFB1","PTGER2","ligand_regulation"
"IL4","PTGS2","ligand_regulation"
"IL6","PTGS2","ligand_regulation"
"TGFB1","PTHLH","ligand_regulation"
"IL6","PTPN1","ligand_regulation"
"IL4","SIRPA","ligand_regulation"
"IL4","PTPRJ","ligand_regulation"
"IL4","RAG2","ligand_regulation"
"IL4","ALDH1A2","ligand_regulation"
"BMP4","ALDH1A2","ligand_regulation"
"TGFB1","RARA","ligand_regulation"
"TGFB1","RRM1","ligand_regulation"
"TGFB1","RXRB","ligand_regulation"
"TGFB1","MSR1","ligand_regulation"
"IL4","CCL11","ligand_regulation"
"IL4","CCL17","ligand_regulation"
"TGFB1","CCL13","ligand_regulation"
"IL4","CCL13","ligand_regulation"
"IL6","CCL13","ligand_regulation"
"IL4","CCL22","ligand_regulation"
"IL6","CCL3L3","ligand_regulation"
"TGFB1","CCL3L3","ligand_regulation"
"IL4","CCL3L3","ligand_regulation"
"IL4","CCL5","ligand_regulation"
"IL4","CXCL12","ligand_regulation"
"IL4","SELE","ligand_regulation"
"IL6","SELE","ligand_regulation"
"IL6","SELP","ligand_regulation"
"TGFB1","SEMA3A","ligand_regulation"
"TGFB1","SEMA7A","ligand_regulation"
"IL6","FOXP3","ligand_regulation"
"IL4","FOXP3","ligand_regulation"
"IL6","SFTPD","ligand_regulation"
"TGFB1","SLC20A1","ligand_regulation"
"TGFB1","SLC2A1","ligand_regulation"
"BMP4","SOX9","ligand_regulation"
"TGFB1","SPHK1","ligand_regulation"
"TGFB1","SPP1","ligand_regulation"
"TGFB1","SRF","ligand_regulation"
"TGFB1","STAR","ligand_regulation"
"IL4","STAT4","ligand_regulation"
"IL4","STAT6","ligand_regulation"
"IL6","STC1","ligand_regulation"
"BMP4","WNT8A","ligand_regulation"
"IL4","SDC1","ligand_regulation"
"TGFB1","SYP","ligand_regulation"
"IL6","SYP","ligand_regulation"
"TGFB1","TAGLN","ligand_regulation"
"BMP4","TBX2","ligand_regulation"
"BMP4","TBX3","ligand_regulation"
"BMP4","TBX5","ligand_regulation"
"IL4","TFEC","ligand_regulation"
"TGFB1","TGFA","ligand_regulation"
"IL4","TGFB1","ligand_regulation"
"TGFB1","TSC22D1","ligand_regulation"
"TGFB1","TGFB3","ligand_regulation"
"TGFB1","THBS1","ligand_regulation"
"IL4","THY1","ligand_regulation"
"TGFB1","KLF10","ligand_regulation"
"TGFB1","TIMP1","ligand_regulation"
"IL6","TIMP1","ligand_regulation"
"IL4","TLR4","ligand_regulation"
"TGFB1","TNC","ligand_regulation"
"IL4","TNC","ligand_regulation"
"TGFB1","TNF","ligand_regulation"
"TGFB1","TNFRSF11A","ligand_regulation"
"IL6","TNFRSF11A","ligand_regulation"
"IL4","TNFRSF1B","ligand_regulation"
"IL4","CD40","ligand_regulation"
"IL4","TNFSF11","ligand_regulation"
"TGFB1","TNFSF11","ligand_regulation"
"IL4","CD40LG","ligand_regulation"
"TGFB1","CD40LG","ligand_regulation"
"IL4","CD70","ligand_regulation"
"IL6","HSP90B1","ligand_regulation"
"IL4","TWIST1","ligand_regulation"
"IL6","TWIST1","ligand_regulation"
"TGFB1","TWIST1","ligand_regulation"
"TGFB1","UCP3","ligand_regulation"
"IL6","UTRN","ligand_regulation"
"IL4","VCAM1","ligand_regulation"
"IL6","VCAM1","ligand_regulation"
"TGFB1","VEGFA","ligand_regulation"
"IL6","VEGFA","ligand_regulation"
"BMP4","VEGFA","ligand_regulation"
"IL4","VIM","ligand_regulation"
"IL4","VIPR2","ligand_regulation"
"TGFB1","WISP2","ligand_regulation"
"BMP4","WNT11","ligand_regulation"
"BMP4","WNT3","ligand_regulation"
"BMP4","WNT4","ligand_regulation"
"TGFB1","WNT5A","ligand_regulation"
"TGFB1","WNT7B","ligand_regulation"
"IL4","XBP1","ligand_regulation"
"IL4","ZFP36","ligand_regulation"
"TGFB1","LAMC3","ligand_regulation"
"TGFB1","TLR2","ligand_regulation"
"IL4","TLR2","ligand_regulation"
"TGFB1","TNFSF13B","ligand_regulation"
"IL4","ESRRA","ligand_regulation"
"TGFB1","MAPK14","ligand_regulation"
"IL6","ABCA3","ligand_regulation"
"TGFB1","NOX4","ligand_regulation"
"IL4","ATP9B","ligand_regulation"
"IL6","IL22","ligand_regulation"
"TGFB1","SDCBP","ligand_regulation"
"IL6","DLL4","ligand_regulation"
"TGFB1","CDON","ligand_regulation"
"IL4","PDCD1LG2","ligand_regulation"
"IL6","IL21R","ligand_regulation"
"IL6","IL21","ligand_regulation"
"IL4","SAMSN1","ligand_regulation"
"TGFB1","MYCT1","ligand_regulation"
"IL4","SCGB3A1","ligand_regulation"
"TGFB1","PRPF6","ligand_regulation"
"IL4","TNFSF13","ligand_regulation"
"IL4","CDA","ligand_regulation"
"IL6","MUC5B","ligand_regulation"
"TGFB1","PGS1","ligand_regulation"
"TGFB1","PRKD3","ligand_regulation"
"IL4","DCSTAMP","ligand_regulation"
"IL6","IL23A","ligand_regulation"
"TGFB1","IL23A","ligand_regulation"
"IL6","HAMP","ligand_regulation"
"BMP4","HAMP","ligand_regulation"
"IL6","TNFRSF25","ligand_regulation"
"IL4","CD163","ligand_regulation"
"TGFB1","RARS","ligand_regulation"
"TGFB1","MGAT5","ligand_regulation"
"TGFB1","OLR1","ligand_regulation"
"IL4","ACSM1","ligand_regulation"
"IL6","STEAP4","ligand_regulation"
"IL6","BHLHE23","ligand_regulation"
"IL4","PPARGC1B","ligand_regulation"
"TGFB1","CSNK1G1","ligand_regulation"
"IL4","CLEC10A","ligand_regulation"
"TGFB1","AHSA1","ligand_regulation"
"IL4","SCARA3","ligand_regulation"
"NODAL","ABLIM1","ligand_regulation"
"TGFB1","CYP26B1","ligand_regulation"
"IL4","SIGLEC8","ligand_regulation"
"TGFB1","MEX3D","ligand_regulation"
"TGFB1","LTBP1","ligand_regulation"
"IL4","INPP4A","ligand_regulation"
"IL4","MUC15","ligand_regulation"
"TGFB1","TNN","ligand_regulation"
"TGFB1","NELL1","ligand_regulation"
"TGFB1","MAFA","ligand_regulation"
"IL6","IGHD","ligand_regulation"
"IL4","IRS2","ligand_regulation"
"IL6","A2M","ligand_regulation"
"IL6","SERPINA3","ligand_regulation"
"TGFB1","ABCA1","ligand_regulation"
"TGFB1","ACAT1","ligand_regulation"
"TGFB1","ACVR1","ligand_regulation"
"BMP4","ACVRL1","ligand_regulation"
"IL6","ADA","ligand_regulation"
"TGFB1","ADORA2B","ligand_regulation"
"TGFB1","ADRA1D","ligand_regulation"
"IL4","ADRA1D","ligand_regulation"
"TGFB1","GRK2","ligand_regulation"
"IL6","AGT","ligand_regulation"
"TGFB1","AGT","ligand_regulation"
"TGFB1","AGTR1","ligand_regulation"
"TGFB1","ALOX5AP","ligand_regulation"
"IL4","ALOX15","ligand_regulation"
"TGFB1","ALPP","ligand_regulation"
"IL4","ALPPL2","ligand_regulation"
"IL6","ANG","ligand_regulation"
"TGFB1","ANGPT2","ligand_regulation"
"TGFB1","APOB","ligand_regulation"
"IL6","APOB","ligand_regulation"
"TGFB1","APOE","ligand_regulation"
"IL4","KLK3","ligand_regulation"
"IL4","FAS","ligand_regulation"
"TGFB1","FAS","ligand_regulation"
"IL4","B2M","ligand_regulation"
"IL6","BAX","ligand_regulation"
"BMP4","BAX","ligand_regulation"
"IL6","CCND1","ligand_regulation"
"TGFB1","CCND1","ligand_regulation"
"IL6","BCL2L1","ligand_regulation"
"IL4","BCL3","ligand_regulation"
"IL6","BCL3","ligand_regulation"
"TGFB1","BGN","ligand_regulation"
"IL4","BID","ligand_regulation"
"TGFB1","BIK","ligand_regulation"
"TGFB1","BLM","ligand_regulation"
"IL6","CXCR5","ligand_regulation"
"IL4","CXCR5","ligand_regulation"
"TGFB1","BMI1","ligand_regulation"
"TGFB1","BMP1","ligand_regulation"
"IL6","BMP2","ligand_regulation"
"TGFB1","BMPR1B","ligand_regulation"
"IL6","BMPR2","ligand_regulation"
"TGFB1","BMPR2","ligand_regulation"
"TGFB1","DST","ligand_regulation"
"IL6","SERPING1","ligand_regulation"
"IL6","C1R","ligand_regulation"
"IL6","C1S","ligand_regulation"
"TGFB1","CA9","ligand_regulation"
"IL4","CAMP","ligand_regulation"
"IL6","CAPG","ligand_regulation"
"TGFB1","CAT","ligand_regulation"
"TGFB1","CAV1","ligand_regulation"
"TGFB1","SERPINH1","ligand_regulation"
"TGFB1","CCNA2","ligand_regulation"
"IL4","CCND2","ligand_regulation"
"IL6","CCND2","ligand_regulation"
"TGFB1","CCNG1","ligand_regulation"
"IL4","CD1D","ligand_regulation"
"TGFB1","CD247","ligand_regulation"
"IL4","CD4","ligand_regulation"
"IL4","CD5","ligand_regulation"
"IL6","CD5","ligand_regulation"
"IL6","CD14","ligand_regulation"
"IL4","CD19","ligand_regulation"
"IL4","MS4A1","ligand_regulation"
"IL4","MS4A3","ligand_regulation"
"IL4","CD28","ligand_regulation"
"IL6","CD86","ligand_regulation"
"IL4","TNFRSF8","ligand_regulation"
"IL6","CD34","ligand_regulation"
"IL4","CD36","ligand_regulation"
"TGFB1","SCARB1","ligand_regulation"
"IL6","CD40LG","ligand_regulation"
"IL6","CD59","ligand_regulation"
"TGFB1","CD69","ligand_regulation"
"TGFB1","CDK1","ligand_regulation"
"BMP4","CDH5","ligand_regulation"
"TGFB1","CDH5","ligand_regulation"
"TGFB1","CDH9","ligand_regulation"
"IL4","CDK2","ligand_regulation"
"TGFB1","CDK5","ligand_regulation"
"IL4","CDKN1B","ligand_regulation"
"TGFB1","CDKN1C","ligand_regulation"
"TGFB1","CDKN2A","ligand_regulation"
"TGFB1","CDKN2B","ligand_regulation"
"IL6","CEBPB","ligand_regulation"
"IL4","CFTR","ligand_regulation"
"IL4","CLCN3","ligand_regulation"
"TGFB1","CLU","ligand_regulation"
"IL6","CLU","ligand_regulation"
"IL4","CMA1","ligand_regulation"
"IL4","CCR4","ligand_regulation"
"TGFB1","CCR4","ligand_regulation"
"TGFB1","CCR6","ligand_regulation"
"TGFB1","CNN3","ligand_regulation"
"IL4","CNR1","ligand_regulation"
"TGFB1","COL2A1","ligand_regulation"
"TGFB1","COL7A1","ligand_regulation"
"TGFB1","COL8A1","ligand_regulation"
"TGFB1","COL9A1","ligand_regulation"
"TGFB1","COL11A2","ligand_regulation"
"TGFB1","COL15A1","ligand_regulation"
"IL4","CR2","ligand_regulation"
"IL6","CRH","ligand_regulation"
"IL6","CRP","ligand_regulation"
"TGFB1","CRYBA4","ligand_regulation"
"IL6","CSF1","ligand_regulation"
"TGFB1","CSF1R","ligand_regulation"
"TGFB1","CSF2","ligand_regulation"
"IL4","CSF3","ligand_regulation"
"TGFB1","CSNK1A1","ligand_regulation"
"TGFB1","CTNNB1","ligand_regulation"
"IL4","CYP2E1","ligand_regulation"
"TGFB1","CYP19A1","ligand_regulation"
"IL4","CYP27A1","ligand_regulation"
"IL6","DCN","ligand_regulation"
"TGFB1","DDIT3","ligand_regulation"
"IL6","DNMT1","ligand_regulation"
"TGFB1","DNMT3A","ligand_regulation"
"TGFB1","EDA","ligand_regulation"
"TGFB1","EDN1","ligand_regulation"
"IL4","EDN1","ligand_regulation"
"TGFB1","MEGF8","ligand_regulation"
"IL6","EGFR","ligand_regulation"
"IL6","ENO2","ligand_regulation"
"TGFB1","EPS8","ligand_regulation"
"TGFB1","ETS1","ligand_regulation"
"TGFB1","ETV2","ligand_regulation"
"TGFB1","EXTL3","ligand_regulation"
"TGFB1","F2RL1","ligand_regulation"
"IL6","F12","ligand_regulation"
"TGFB1","FBLN2","ligand_regulation"
"IL4","FCER1A","ligand_regulation"
"TGFB1","FCER2","ligand_regulation"
"IL4","FCGR2B","ligand_regulation"
"TGFB1","FCGR3A","ligand_regulation"
"TGFB1","FCGR3B","ligand_regulation"
"IL4","FCGR3B","ligand_regulation"
"IL6","FCGRT","ligand_regulation"
"IL4","FCGRT","ligand_regulation"
"TGFB1","FCN2","ligand_regulation"
"IL4","FCN2","ligand_regulation"
"IL6","FCN2","ligand_regulation"
"TGFB1","FGF1","ligand_regulation"
"IL6","FGF1","ligand_regulation"
"IL6","FGF2","ligand_regulation"
"TGFB1","FGF10","ligand_regulation"
"TGFB1","FGFR1","ligand_regulation"
"TGFB1","FGFR2","ligand_regulation"
"IL6","FGFR4","ligand_regulation"
"TGFB1","FGFR4","ligand_regulation"
"TGFB1","FOXC1","ligand_regulation"
"TGFB1","FLG","ligand_regulation"
"IL6","FLI1","ligand_regulation"
"TGFB1","FLT1","ligand_regulation"
"TGFB1","FMOD","ligand_regulation"
"TGFB1","FN1","ligand_regulation"
"IL6","FUT4","ligand_regulation"
"TGFB1","FUT4","ligand_regulation"
"TGFB1","GLB1","ligand_regulation"
"TGFB1","GLI2","ligand_regulation"
"TGFB1","GPX4","ligand_regulation"
"TGFB1","ARHGAP35","ligand_regulation"
"TGFB1","GUSB","ligand_regulation"
"TGFB1","GYPA","ligand_regulation"
"TGFB1","HBG1","ligand_regulation"
"IL6","HBG2","ligand_regulation"
"TGFB1","HEXA","ligand_regulation"
"TGFB1","HIF1A","ligand_regulation"
"IL6","HIF1A","ligand_regulation"
"TGFB1","HLA-E","ligand_regulation"
"TGFB1","HMGB1","ligand_regulation"
"TGFB1","HMMR","ligand_regulation"
"BMP4","HMOX1","ligand_regulation"
"TGFB1","HOXC6","ligand_regulation"
"IL6","HP","ligand_regulation"
"TGFB1","HES1","ligand_regulation"
"IL4","HSD3B1","ligand_regulation"
"TGFB1","HSPA1A","ligand_regulation"
"IL6","HSPA4","ligand_regulation"
"TGFB1","HSPA4","ligand_regulation"
"TGFB1","HSPB1","ligand_regulation"
"TGFB1","DNAJB1","ligand_regulation"
"TGFB1","HYAL1","ligand_regulation"
"IL4","ICAM1","ligand_regulation"
"TGFB1","ID1","ligand_regulation"
"BMP4","ID1","ligand_regulation"
"TGFB1","ID3","ligand_regulation"
"TGFB1","IFI27","ligand_regulation"
"TGFB1","IGBP1","ligand_regulation"
"TGFB1","IGF1","ligand_regulation"
"TGFB1","IGFBP2","ligand_regulation"
"TGFB1","IGFBP3","ligand_regulation"
"TGFB1","IGFBP4","ligand_regulation"
"TGFB1","IGFBP5","ligand_regulation"
"TGFB1","IGFBP7","ligand_regulation"
"IL4","IGHE","ligand_regulation"
"TGFB1","IGHE","ligand_regulation"
"IL4","IGSF1","ligand_regulation"
"TGFB1","IK","ligand_regulation"
"IL4","IL1A","ligand_regulation"
"IL4","IL1R1","ligand_regulation"
"TGFB1","IL1RN","ligand_regulation"
"IL4","IL1RN","ligand_regulation"
"IL6","IL2RA","ligand_regulation"
"TGFB1","IL2RB","ligand_regulation"
"IL4","CXCR1","ligand_regulation"
"IL4","CXCR2","ligand_regulation"
"IL6","IL10","ligand_regulation"
"TGFB1","IL10RA","ligand_regulation"
"IL4","IL10RA","ligand_regulation"
"TGFB1","IL11","ligand_regulation"
"IL6","IL11","ligand_regulation"
"TGFB1","IL12RB1","ligand_regulation"
"TGFB1","IL13RA2","ligand_regulation"
"IL4","TNFRSF9","ligand_regulation"
"IL6","IL17A","ligand_regulation"
"IL4","IL17A","ligand_regulation"
"TGFB1","FOXK2","ligand_regulation"
"TGFB1","ILK","ligand_regulation"
"IL4","IDO1","ligand_regulation"
"TGFB1","IDO1","ligand_regulation"
"TGFB1","INHA","ligand_regulation"
"TGFB1","INPP5D","ligand_regulation"
"IL6","INPP5D","ligand_regulation"
"IL6","ITGA6","ligand_regulation"
"IL4","IRF1","ligand_regulation"
"IL4","IRF4","ligand_regulation"
"IL4","ISG20","ligand_regulation"
"TGFB1","ISG20","ligand_regulation"
"IL6","ITGA2","ligand_regulation"
"TGFB1","ITGA2","ligand_regulation"
"IL6","ITGA3","ligand_regulation"
"IL6","ITGA4","ligand_regulation"
"IL6","ITGA5","ligand_regulation"
"IL4","ITGA5","ligand_regulation"
"IL4","ITGAL","ligand_regulation"
"IL4","ITGAM","ligand_regulation"
"TGFB1","ITGAV","ligand_regulation"
"IL4","ITGAX","ligand_regulation"
"IL4","ITGB1","ligand_regulation"
"IL4","ITGB2","ligand_regulation"
"TGFB1","ITGB2","ligand_regulation"
"TGFB1","IVL","ligand_regulation"
"IL6","JAK3","ligand_regulation"
"IL6","JUN","ligand_regulation"
"IL4","JUN","ligand_regulation"
"IL6","JUNB","ligand_regulation"
"IL6","JUND","ligand_regulation"
"IL4","CD82","ligand_regulation"
"BMP4","KDR","ligand_regulation"
"TGFB1","KLRD1","ligand_regulation"
"TGFB1","KRT14","ligand_regulation"
"IL6","KRT17","ligand_regulation"
"TGFB1","L1CAM","ligand_regulation"
"TGFB1","LAMA3","ligand_regulation"
"TGFB1","LAMB2","ligand_regulation"
"TGFB1","LAMB3","ligand_regulation"
"TGFB1","LAMC2","ligand_regulation"
"IL4","LBR","ligand_regulation"
"IL6","LDLR","ligand_regulation"
"IL6","LEP","ligand_regulation"
"TGFB1","LHCGR","ligand_regulation"
"IL4","LIF","ligand_regulation"
"IL6","LIF","ligand_regulation"
"TGFB1","LIF","ligand_regulation"
"TGFB1","LIMS1","ligand_regulation"
"TGFB1","LMO1","ligand_regulation"
"IL6","LRP1","ligand_regulation"
"IL4","LTA","ligand_regulation"
"IL6","LTA","ligand_regulation"
"IL6","EPCAM","ligand_regulation"
"IL4","EPCAM","ligand_regulation"
"TGFB1","MXD1","ligand_regulation"
"BMP4","SMAD6","ligand_regulation"
"TGFB1","SMAD6","ligand_regulation"
"IL6","MAF","ligand_regulation"
"TGFB1","MAF","ligand_regulation"
"IL4","MAOA","ligand_regulation"
"IL6","MBL2","ligand_regulation"
"IL4","CD46","ligand_regulation"
"IL4","ADAM11","ligand_regulation"
"IL6","MDK","ligand_regulation"
"TGFB1","MECP2","ligand_regulation"
"IL4","KITLG","ligand_regulation"
"IL6","KITLG","ligand_regulation"
"TGFB1","MGP","ligand_regulation"
"TGFB1","MME","ligand_regulation"
"IL4","MME","ligand_regulation"
"TGFB1","MMP1","ligand_regulation"
"IL6","MMP1","ligand_regulation"
"TGFB1","MMP2","ligand_regulation"
"IL6","MMP2","ligand_regulation"
"BMP4","MMP2","ligand_regulation"
"TGFB1","MMP3","ligand_regulation"
"TGFB1","MMP8","ligand_regulation"
"IL6","MMP10","ligand_regulation"
"TGFB1","MMP11","ligand_regulation"
"TGFB1","MMP12","ligand_regulation"
"TGFB1","MMP13","ligand_regulation"
"IL6","ABCC1","ligand_regulation"
"TGFB1","MYO1B","ligand_regulation"
"TGFB1","MSH2","ligand_regulation"
"IL6","MST1","ligand_regulation"
"IL4","COX1","ligand_regulation"
"TGFB1","COX1","ligand_regulation"
"TGFB1","MTNR1A","ligand_regulation"
"IL4","MUC1","ligand_regulation"
"IL6","MUC1","ligand_regulation"
"IL4","MUC3A","ligand_regulation"
"TGFB1","MUC4","ligand_regulation"
"IL4","MUC4","ligand_regulation"
"IL4","MX1","ligand_regulation"
"TGFB1","MXI1","ligand_regulation"
"TGFB1","GADD45B","ligand_regulation"
"TGFB1","MYH11","ligand_regulation"
"IL6","NDN","ligand_regulation"
"TGFB1","NEDD9","ligand_regulation"
"TGFB1","NEUROD1","ligand_regulation"
"IL6","NEUROD1","ligand_regulation"
"IL6","NFATC1","ligand_regulation"
"IL4","NFKBIA","ligand_regulation"
"IL6","NNMT","ligand_regulation"
"TGFB1","NOS1","ligand_regulation"
"IL6","NOS1","ligand_regulation"
"TGFB1","NOS3","ligand_regulation"
"TGFB1","NOTCH2","ligand_regulation"
"TGFB1","NOTCH4","ligand_regulation"
"TGFB1","OMD","ligand_regulation"
"IL6","TNFRSF11B","ligand_regulation"
"IL4","OPRM1","ligand_regulation"
"IL6","OXTR","ligand_regulation"
"TGFB1","FURIN","ligand_regulation"
"IL4","PAPPA","ligand_regulation"
"IL4","PCSK1","ligand_regulation"
"TGFB1","PCSK2","ligand_regulation"
"TGFB1","PDGFA","ligand_regulation"
"TGFB1","PDGFRB","ligand_regulation"
"TGFB1","PDK1","ligand_regulation"
"TGFB1","ENPP1","ligand_regulation"
"TGFB1","PGF","ligand_regulation"
"TGFB1","SERPINA1","ligand_regulation"
"IL6","SERPINB5","ligand_regulation"
"TGFB1","PIGR","ligand_regulation"
"TGFB1","PIK3CA","ligand_regulation"
"IL4","PIP","ligand_regulation"
"BMP4","PITX2","ligand_regulation"
"TGFB1","PKD1","ligand_regulation"
"IL4","PLA2G2A","ligand_regulation"
"TGFB1","PLA2G2A","ligand_regulation"
"IL4","PLAT","ligand_regulation"
"IL4","PLAU","ligand_regulation"
"IL4","PLG","ligand_regulation"
"TGFB1","PLG","ligand_regulation"
"TGFB1","PLOD2","ligand_regulation"
"TGFB1","PPARA","ligand_regulation"
"IL6","PPARG","ligand_regulation"
"TGFB1","PRKAR1A","ligand_regulation"
"TGFB1","PRKCA","ligand_regulation"
"IL4","MAPK1","ligand_regulation"
"IL6","MAPK1","ligand_regulation"
"IL4","MAPK8","ligand_regulation"
"IL6","MAPK8","ligand_regulation"
"TGFB1","MAP2K1","ligand_regulation"
"IL4","MAP2K3","ligand_regulation"
"IL4","PRL","ligand_regulation"
"TGFB1","PSEN1","ligand_regulation"
"IL4","PSMD7","ligand_regulation"
"IL6","PSMD12","ligand_regulation"
"BMP4","TAS2R38","ligand_regulation"
"TGFB1","PTGS1","ligand_regulation"
"IL6","PTHLH","ligand_regulation"
"TGFB1","PTH1R","ligand_regulation"
"IL6","PTH1R","ligand_regulation"
"IL6","PTPRC","ligand_regulation"
"IL4","PTPRC","ligand_regulation"
"IL6","PTPRG","ligand_regulation"
"TGFB1","PTPRJ","ligand_regulation"
"TGFB1","PTPRK","ligand_regulation"
"TGFB1","PXN","ligand_regulation"
"IL6","RAB5C","ligand_regulation"
"IL6","MOK","ligand_regulation"
"TGFB1","RASGRF1","ligand_regulation"
"IL6","REN","ligand_regulation"
"TGFB1","BRD2","ligand_regulation"
"TGFB1","ROS1","ligand_regulation"
"TGFB1","S100A4","ligand_regulation"
"IL4","CCL2","ligand_regulation"
"IL6","CCL2","ligand_regulation"
"TGFB1","CCL3","ligand_regulation"
"IL6","CCL4","ligand_regulation"
"IL4","CCL7","ligand_regulation"
"TGFB1","CCL11","ligand_regulation"
"IL6","CCL20","ligand_regulation"
"TGFB1","CCL20","ligand_regulation"
"IL4","CCL24","ligand_regulation"
"IL4","CXCL5","ligand_regulation"
"IL4","CX3CL1","ligand_regulation"
"TGFB1","SDC1","ligand_regulation"
"TGFB1","SDC2","ligand_regulation"
"TGFB1","SELE","ligand_regulation"
"TGFB1","SRSF3","ligand_regulation"
"IL6","SFTPB","ligand_regulation"
"TGFB1","SFTPB","ligand_regulation"
"IL4","SFTPD","ligand_regulation"
"TGFB1","SGK1","ligand_regulation"
"TGFB1","SNAI2","ligand_regulation"
"TGFB1","SNCA","ligand_regulation"
"TGFB1","SOX2","ligand_regulation"
"TGFB1","SOX4","ligand_regulation"
"TGFB1","SOX9","ligand_regulation"
"TGFB1","SPARC","ligand_regulation"
"IL6","STAT1","ligand_regulation"
"IL6","STAT3","ligand_regulation"
"TGFB1","STAT3","ligand_regulation"
"TGFB1","ADAM17","ligand_regulation"
"TGFB1","ZEB1","ligand_regulation"
"BMP4","TEK","ligand_regulation"
"TGFB1","TERT","ligand_regulation"
"IL6","TF","ligand_regulation"
"TGFB1","TF","ligand_regulation"
"TGFB1","TFF1","ligand_regulation"
"IL4","TFF3","ligand_regulation"
"IL6","TFF3","ligand_regulation"
"IL6","TFRC","ligand_regulation"
"IL4","TFRC","ligand_regulation"
"IL6","TGFB1","ligand_regulation"
"BMP4","TGFB1","ligand_regulation"
"IL4","TGFB2","ligand_regulation"
"TGFB1","LEFTY2","ligand_regulation"
"TGFB1","TGFBI","ligand_regulation"
"TGFB1","TGFBR1","ligand_regulation"
"TGFB1","TGFBR2","ligand_regulation"
"TGFB1","TGM2","ligand_regulation"
"TGFB1","TH","ligand_regulation"
"TGFB1","THBS2","ligand_regulation"
"IL6","THPO","ligand_regulation"
"IL4","TIMP1","ligand_regulation"
"TGFB1","TIMP2","ligand_regulation"
"IL4","TIMP2","ligand_regulation"
"TGFB1","TIMP3","ligand_regulation"
"IL6","TIMP3","ligand_regulation"
"TGFB1","TIMP4","ligand_regulation"
"TGFB1","TLE1","ligand_regulation"
"IL6","TLR2","ligand_regulation"
"TGFB1","TLR4","ligand_regulation"
"IL4","TNF","ligand_regulation"
"TGFB1","TNFRSF1B","ligand_regulation"
"TGFB1","TP53","ligand_regulation"
"TGFB1","TPM1","ligand_regulation"
"IL6","TSHR","ligand_regulation"
"IL4","TNFRSF4","ligand_regulation"
"IL4","TXK","ligand_regulation"
"TGFB1","UCN","ligand_regulation"
"TGFB1","UCP2","ligand_regulation"
"TGFB1","VDR","ligand_regulation"
"TGFB1","VEGFC","ligand_regulation"
"TGFB1","VIM","ligand_regulation"
"TGFB1","VIP","ligand_regulation"
"TGFB1","VTN","ligand_regulation"
"IL6","VWF","ligand_regulation"
"TGFB1","WARS","ligand_regulation"
"IL6","WNT10B","ligand_regulation"
"IL6","XBP1","ligand_regulation"
"TGFB1","CXCR4","ligand_regulation"
"IL4","CXCR4","ligand_regulation"
"IL6","RAB7A","ligand_regulation"
"TGFB1","HMGA2","ligand_regulation"
"TGFB1","MAD1L1","ligand_regulation"
"TGFB1","CILP","ligand_regulation"
"TGFB1","GEMIN2","ligand_regulation"
"TGFB1","GCM1","ligand_regulation"
"BMP4","BARX2","ligand_regulation"
"TGFB1","TMEFF1","ligand_regulation"
"TGFB1","RFXANK","ligand_regulation"
"IL6","AKR1C3","ligand_regulation"
"TGFB1","SOCS1","ligand_regulation"
"TGFB1","TNFSF10","ligand_regulation"
"TGFB1","ADAM15","ligand_regulation"
"TGFB1","TNFRSF18","ligand_regulation"
"TGFB1","FGF18","ligand_regulation"
"IL4","SOCS2","ligand_regulation"
"BMP4","PROM1","ligand_regulation"
"TGFB1","PROM1","ligand_regulation"
"TGFB1","P4HA2","ligand_regulation"
"IL6","P4HA2","ligand_regulation"
"BMP4","P4HA2","ligand_regulation"
"IL6","SOCS3","ligand_regulation"
"TGFB1","SOCS3","ligand_regulation"
"IL4","IL1RL1","ligand_regulation"
"IL6","PDLIM7","ligand_regulation"
"IL6","MMP20","ligand_regulation"
"TGFB1","CD163","ligand_regulation"
"IL6","CD163","ligand_regulation"
"TGFB1","TCEAL1","ligand_regulation"
"IL4","EIF2AK3","ligand_regulation"
"IL4","IL27RA","ligand_regulation"
"IL4","CHST3","ligand_regulation"
"TGFB1","ADAMTS4","ligand_regulation"
"IL4","NPEPPS","ligand_regulation"
"TGFB1","NCOR2","ligand_regulation"
"TGFB1","ABCG1","ligand_regulation"
"IL6","UBE3C","ligand_regulation"
"TGFB1","MRC2","ligand_regulation"
"TGFB1","FGFBP1","ligand_regulation"
"TGFB1","BCL2L11","ligand_regulation"
"IL6","BCL2L11","ligand_regulation"
"IL6","GJC1","ligand_regulation"
"IL6","TRAP1","ligand_regulation"
"TGFB1","TRAP1","ligand_regulation"
"TGFB1","ABI2","ligand_regulation"
"IL4","TNK2","ligand_regulation"
"TGFB1","FSTL3","ligand_regulation"
"IL4","CCL26","ligand_regulation"
"TGFB1","TUBA1B","ligand_regulation"
"IL6","IRF9","ligand_regulation"
"IL4","CPQ","ligand_regulation"
"BMP4","FST","ligand_regulation"
"TGFB1","FBLN5","ligand_regulation"
"IL6","BATF","ligand_regulation"
"IL6","CXCL13","ligand_regulation"
"TGFB1","SORBS1","ligand_regulation"
"TGFB1","MXD4","ligand_regulation"
"TGFB1","NFAT5","ligand_regulation"
"IL6","TCFL5","ligand_regulation"
"IL4","CYSLTR1","ligand_regulation"
"IL6","COPS5","ligand_regulation"
"TGFB1","IRAK3","ligand_regulation"
"TGFB1","CD300A","ligand_regulation"
"IL4","MGLL","ligand_regulation"
"TGFB1","ZHX2","ligand_regulation"
"TGFB1","ABLIM3","ligand_regulation"
"TGFB1","MMRN1","ligand_regulation"
"IL6","DKK1","ligand_regulation"
"TGFB1","DKK1","ligand_regulation"
"IL4","KDM1A","ligand_regulation"
"IL4","TTLL5","ligand_regulation"
"IL6","TBC1D9","ligand_regulation"
"IL4","STAB1","ligand_regulation"
"IL6","LY96","ligand_regulation"
"TGFB1","AATF","ligand_regulation"
"BMP4","GREM1","ligand_regulation"
"TGFB1","PDCD4","ligand_regulation"
"TGFB1","BHLHE22","ligand_regulation"
"IL4","C1GALT1C1","ligand_regulation"
"TGFB1","NXT1","ligand_regulation"
"IL6","SENP1","ligand_regulation"
"IL4","IL19","ligand_regulation"
"IL4","TBX21","ligand_regulation"
"IL4","CD209","ligand_regulation"
"IL6","SOCS7","ligand_regulation"
"BMP4","DUOX2","ligand_regulation"
"TGFB1","IL22","ligand_regulation"
"TGFB1","ANGPTL4","ligand_regulation"
"IL4","TLR7","ligand_regulation"
"IL4","TLR8","ligand_regulation"
"TGFB1","TNFRSF12A","ligand_regulation"
"TGFB1","ISYNA1","ligand_regulation"
"IL4","ISYNA1","ligand_regulation"
"TGFB1","NELFCD","ligand_regulation"
"TGFB1","PIAS4","ligand_regulation"
"IL6","TLR9","ligand_regulation"
"IL4","TREM2","ligand_regulation"
"TGFB1","DLL4","ligand_regulation"
"TGFB1","TRPM7","ligand_regulation"
"TGFB1","ASPN","ligand_regulation"
"TGFB1","BANP","ligand_regulation"
"TGFB1","SLC38A4","ligand_regulation"
"IL6","WRAP53","ligand_regulation"
"TGFB1","IMPACT","ligand_regulation"
"IL4","DOCK10","ligand_regulation"
"TGFB1","APOM","ligand_regulation"
"IL6","RETN","ligand_regulation"
"TGFB1","CTNNBIP1","ligand_regulation"
"IL4","SEMA6A","ligand_regulation"
"TGFB1","PRX","ligand_regulation"
"TGFB1","CDH26","ligand_regulation"
"TGFB1","IFIH1","ligand_regulation"
"TGFB1","SMURF2","ligand_regulation"
"TGFB1","MUL1","ligand_regulation"
"IL6","HSPBAP1","ligand_regulation"
"IL4","VTCN1","ligand_regulation"
"IL6","VTCN1","ligand_regulation"
"TGFB1","SAP30L","ligand_regulation"
"TGFB1","MYH14","ligand_regulation"
"TGFB1","NANOG","ligand_regulation"
"TGFB1","MIXL1","ligand_regulation"
"IL4","C9orf24","ligand_regulation"
"IL4","UBASH3B","ligand_regulation"
"IL6","HELZ2","ligand_regulation"
"IL6","NDUFAF2","ligand_regulation"
"TGFB1","MYOCD","ligand_regulation"
"TGFB1","SAT2","ligand_regulation"
"IL4","SOCS4","ligand_regulation"
"TGFB1","SNX20","ligand_regulation"
"TGFB1","WFDC3","ligand_regulation"
"IL4","IL23R","ligand_regulation"
"TGFB1","IL23R","ligand_regulation"
"IL4","PLB1","ligand_regulation"
"TGFB1","SPRED1","ligand_regulation"
"TGFB1","ADAMTS16","ligand_regulation"
"TGFB1","PRSS55","ligand_regulation"
"TGFB1","GSDMA","ligand_regulation"
"IL4","CLEC4G","ligand_regulation"
"TGFB1","AGRN","ligand_regulation"
"IL4","CCR2","ligand_regulation"
"TGFB1","CCR2","ligand_regulation"
"TGFB1","TEC","ligand_regulation"
"BMP4","ACTA2","ligand_regulation"
"BMP4","CYP19A1","ligand_regulation"
"BMP4","SOST","ligand_regulation"
"BMP4","STAR","ligand_regulation"
"IL4","ABL2","ligand_regulation"
"IL4","ALOX5","ligand_regulation"
"IL4","ANXA1","ligand_regulation"
"IL4","BCL2","ligand_regulation"
"IL4","BCL6","ligand_regulation"
"IL4","CASP1","ligand_regulation"
"IL4","CCR7","ligand_regulation"
"IL4","CD14","ligand_regulation"
"IL4","CD1A","ligand_regulation"
"IL4","CD83","ligand_regulation"
"IL4","CHID1","ligand_regulation"
"IL4","CLEC7A","ligand_regulation"
"IL4","COL1A2","ligand_regulation"
"IL4","CXCL8","ligand_regulation"
"IL4","CYP1A1","ligand_regulation"
"IL4","F13A1","ligand_regulation"
"IL4","FIZ1","ligand_regulation"
"IL4","FLG","ligand_regulation"
"IL4","FN1","ligand_regulation"
"IL4","GCLC","ligand_regulation"
"IL4","GPX1","ligand_regulation"
"IL4","H2AFX","ligand_regulation"
"IL4","HRNR","ligand_regulation"
"IL4","HSPA8","ligand_regulation"
"IL4","IL13","ligand_regulation"
"IL4","IL18","ligand_regulation"
"IL4","IL1B","ligand_regulation"
"IL4","IL2","ligand_regulation"
"IL4","IL4R","ligand_regulation"
"IL4","IL5","ligand_regulation"
"IL4","IRF8","ligand_regulation"
"IL4","IVL","ligand_regulation"
"IL4","LAMA5","ligand_regulation"
"IL4","MYC","ligand_regulation"
"IL4","NQO1","ligand_regulation"
"IL4","PAX5","ligand_regulation"
"IL4","RORC","ligand_regulation"
"IL4","TGM2","ligand_regulation"
"IL4","TP53","ligand_regulation"
"IL4","TSLP","ligand_regulation"
"IL6","ALB","ligand_regulation"
"IL6","APAF1","ligand_regulation"
"IL6","AR","ligand_regulation"
"IL6","ATG5","ligand_regulation"
"IL6","BCL2L2-PABPN1","ligand_regulation"
"IL6","BCL2L2","ligand_regulation"
"IL6","BIN1","ligand_regulation"
"IL6","BIRC5","ligand_regulation"
"IL6","BUD23","ligand_regulation"
"IL6","CASP9","ligand_regulation"
"IL6","CCR7","ligand_regulation"
"IL6","CFTR","ligand_regulation"
"IL6","CISH","ligand_regulation"
"IL6","CLDN5","ligand_regulation"
"IL6","CNTF","ligand_regulation"
"IL6","COL1A1","ligand_regulation"
"IL6","CREBBP","ligand_regulation"
"IL6","CTGF","ligand_regulation"
"IL6","CXCL8","ligand_regulation"
"IL6","CYP1A1","ligand_regulation"
"IL6","FABP4","ligand_regulation"
"IL6","GFAP","ligand_regulation"
"IL6","HMOX1","ligand_regulation"
"IL6","IFNG","ligand_regulation"
"IL6","IGF1","ligand_regulation"
"IL6","IGFBP3","ligand_regulation"
"IL6","IL12A","ligand_regulation"
"IL6","IL1B","ligand_regulation"
"IL6","IL1R2","ligand_regulation"
"IL6","IL23R","ligand_regulation"
"IL6","IRF8","ligand_regulation"
"IL6","KLK3","ligand_regulation"
"IL6","MAP1LC3A","ligand_regulation"
"IL6","MT1X","ligand_regulation"
"IL6","MT2A","ligand_regulation"
"IL6","MYC","ligand_regulation"
"IL6","NCOA2","ligand_regulation"
"IL6","NOS2","ligand_regulation"
"IL6","NTF3","ligand_regulation"
"IL6","ORM1","ligand_regulation"
"IL6","OSM","ligand_regulation"
"IL6","PCNA","ligand_regulation"
"IL6","PLIN1","ligand_regulation"
"IL6","PTEN","ligand_regulation"
"IL6","PTGES","ligand_regulation"
"IL6","RORC","ligand_regulation"
"IL6","SAA1","ligand_regulation"
"IL6","SAA2","ligand_regulation"
"IL6","SLC30A10","ligand_regulation"
"IL6","SLC39A14","ligand_regulation"
"IL6","SLC39A1","ligand_regulation"
"IL6","SLC6A3","ligand_regulation"
"IL6","SLC6A4","ligand_regulation"
"IL6","SOCS1","ligand_regulation"
"IL6","SOD2","ligand_regulation"
"IL6","SPP1","ligand_regulation"
"IL6","TNFRSF1A","ligand_regulation"
"IL6","TNFRSF1B","ligand_regulation"
"IL6","TNFSF11","ligand_regulation"
"IL6","TNF","ligand_regulation"
"IL6","TP53","ligand_regulation"
"TGFB1","ABCC1","ligand_regulation"
"TGFB1","ACTA2","ligand_regulation"
"TGFB1","AGER","ligand_regulation"
"TGFB1","AHR","ligand_regulation"
"TGFB1","ALDH7A1","ligand_regulation"
"TGFB1","ALPL","ligand_regulation"
"TGFB1","ASB2","ligand_regulation"
"TGFB1","ATP5L","ligand_regulation"
"TGFB1","BAD","ligand_regulation"
"TGFB1","BASP1","ligand_regulation"
"TGFB1","BMP6","ligand_regulation"
"TGFB1","CALD1","ligand_regulation"
"TGFB1","CALR","ligand_regulation"
"TGFB1","CASP3","ligand_regulation"
"TGFB1","CASP9","ligand_regulation"
"TGFB1","CCL2","ligand_regulation"
"TGFB1","CCL5","ligand_regulation"
"TGFB1","CD14","ligand_regulation"
"TGFB1","CD38","ligand_regulation"
"TGFB1","CD40","ligand_regulation"
"TGFB1","CD86","ligand_regulation"
"TGFB1","CEBPA","ligand_regulation"
"TGFB1","CFLAR","ligand_regulation"
"TGFB1","COL10A1","ligand_regulation"
"TGFB1","COL3A1","ligand_regulation"
"TGFB1","COL4A1","ligand_regulation"
"TGFB1","COL5A1","ligand_regulation"
"TGFB1","CRYAB","ligand_regulation"
"TGFB1","CXCL10","ligand_regulation"
"TGFB1","CYP11A1","ligand_regulation"
"TGFB1","CYP17A1","ligand_regulation"
"TGFB1","CYP1A1","ligand_regulation"
"TGFB1","CYP1B1","ligand_regulation"
"TGFB1","CYP27A1","ligand_regulation"
"TGFB1","DNMT1","ligand_regulation"
"TGFB1","E2F1","ligand_regulation"
"TGFB1","EBI3","ligand_regulation"
"TGFB1","EGLN1","ligand_regulation"
"TGFB1","EPHX2","ligand_regulation"
"TGFB1","FABP4","ligand_regulation"
"TGFB1","FBN1","ligand_regulation"
"TGFB1","FKBP1A","ligand_regulation"
"TGFB1","GFI1","ligand_regulation"
"TGFB1","GLRX","ligand_regulation"
"TGFB1","GREM1","ligand_regulation"
"TGFB1","GSTM3","ligand_regulation"
"TGFB1","GSTO1","ligand_regulation"
"TGFB1","GZMB","ligand_regulation"
"TGFB1","HDAC2","ligand_regulation"
"TGFB1","HGF","ligand_regulation"
"TGFB1","HIC1","ligand_regulation"
"TGFB1","HNRNPA2B1","ligand_regulation"
"TGFB1","HNRNPD","ligand_regulation"
"TGFB1","ICAM1","ligand_regulation"
"TGFB1","ICAM2","ligand_regulation"
"TGFB1","IFIT3","ligand_regulation"
"TGFB1","IL10","ligand_regulation"
"TGFB1","IL1B","ligand_regulation"
"TGFB1","ITGA1","ligand_regulation"
"TGFB1","ITGA4","ligand_regulation"
"TGFB1","ITGA5","ligand_regulation"
"TGFB1","ITGAM","ligand_regulation"
"TGFB1","ITGAX","ligand_regulation"
"TGFB1","ITGB1","ligand_regulation"
"TGFB1","ITGB5","ligand_regulation"
"TGFB1","ITGB6","ligand_regulation"
"TGFB1","KCNH2","ligand_regulation"
"TGFB1","KCNJ2","ligand_regulation"
"TGFB1","KLF5","ligand_regulation"
"TGFB1","KRT18","ligand_regulation"
"TGFB1","KRT20","ligand_regulation"
"TGFB1","LOXL1","ligand_regulation"
"TGFB1","LOXL2","ligand_regulation"
"TGFB1","LOX","ligand_regulation"
"TGFB1","LPCAT2","ligand_regulation"
"TGFB1","LPCAT4","ligand_regulation"
"TGFB1","LPIN1","ligand_regulation"
"TGFB1","LPL","ligand_regulation"
"TGFB1","LZTFL1","ligand_regulation"
"TGFB1","MAP3K1","ligand_regulation"
"TGFB1","MCL1","ligand_regulation"
"TGFB1","MDM2","ligand_regulation"
"TGFB1","METTL7A","ligand_regulation"
"TGFB1","MYBL2","ligand_regulation"
"TGFB1","MYC","ligand_regulation"
"TGFB1","MYD88","ligand_regulation"
"TGFB1","NLRC5","ligand_regulation"
"TGFB1","NME1","ligand_regulation"
"TGFB1","NOTCH1","ligand_regulation"
"TGFB1","NQO1","ligand_regulation"
"TGFB1","NR1H2","ligand_regulation"
"TGFB1","NR3C1","ligand_regulation"
"TGFB1","NR3C2","ligand_regulation"
"TGFB1","OAS1","ligand_regulation"
"TGFB1","PDGFC","ligand_regulation"
"TGFB1","PDGFD","ligand_regulation"
"TGFB1","PLAT","ligand_regulation"
"TGFB1","POSTN","ligand_regulation"
"TGFB1","PPARG","ligand_regulation"
"TGFB1","PRF1","ligand_regulation"
"TGFB1","PTEN","ligand_regulation"
"TGFB1","PTGS2","ligand_regulation"
"TGFB1","PTPN1","ligand_regulation"
"TGFB1","PTPRC","ligand_regulation"
"TGFB1","RORA","ligand_regulation"
"TGFB1","RORC","ligand_regulation"
"TGFB1","RPL27","ligand_regulation"
"TGFB1","S100A8","ligand_regulation"
"TGFB1","S100A9","ligand_regulation"
"TGFB1","SEC14L2","ligand_regulation"
"TGFB1","SERPINE2","ligand_regulation"
"TGFB1","SIRT1","ligand_regulation"
"TGFB1","SMAD2","ligand_regulation"
"TGFB1","SMAD3","ligand_regulation"
"TGFB1","SMAD4","ligand_regulation"
"TGFB1","SMPD3","ligand_regulation"
"TGFB1","SNAI1","ligand_regulation"
"TGFB1","SOCS2","ligand_regulation"
"TGFB1","SOD2","ligand_regulation"
"TGFB1","TJP1","ligand_regulation"
"TGFB1","TPM4","ligand_regulation"
"TGFB1","TPSAB1","ligand_regulation"
"TGFB1","TPSB2","ligand_regulation"
"TGFB1","TRIB3","ligand_regulation"
"TGFB1","TSC22D3","ligand_regulation"
"TGFB1","VDAC1","ligand_regulation"
"TGFB1","ZYX","ligand_regulation"
"TNF","LTBR","ligand_regulation"
"IGF1","FILIP1L","ligand_regulation"
"APP","SLC7A6","ligand_regulation"
"APOE","F3","ligand_regulation"
"PLAU","GNB4","ligand_regulation"
"IL10","FAM217B","ligand_regulation"
"APP","CFAP44","ligand_regulation"
"MSTN","PAQR5","ligand_regulation"
"TGFB3","PRKCA","ligand_regulation"
"IL19","CCL5","ligand_regulation"
"IGF1","MMP1","ligand_regulation"
"ADM","ATG5","ligand_regulation"
"IGF1","IL6","ligand_regulation"
"IGF1","EML4","ligand_regulation"
"TNF","TRPC1","ligand_regulation"
"EDN1","VCAM1","ligand_regulation"
"IFNG","ISYNA1","ligand_regulation"
"LTF","TOMM20","ligand_regulation"
"IGF1","MRPL48","ligand_regulation"
"KITLG","PLA2G4A","ligand_regulation"
"EGF","EGR3","ligand_regulation"
"FGF2","UPP1","ligand_regulation"
"CAMP","PTBP3","ligand_regulation"
"CXCL9","IFNG","ligand_regulation"
"APP","SYNPR","ligand_regulation"
"IL1B","ICAM1","ligand_regulation"
"PLAU","NID1","ligand_regulation"
"IL1B","IL10","ligand_regulation"
"SHH","TGFB2","ligand_regulation"
"APP","TAS2R50","ligand_regulation"
"APP","COL4A5","ligand_regulation"
"IL10","ANKRD12","ligand_regulation"
"MSTN","SNED1","ligand_regulation"
"MIF","CDK20","ligand_regulation"
"CALR","ADAM17","ligand_regulation"
"IFNA13","CSGALNACT1","ligand_regulation"
"APP","TMEM215","ligand_regulation"
"LTF","RORC","ligand_regulation"
"IL1B","BGLAP","ligand_regulation"
"FLT3LG","LAT2","ligand_regulation"
"FGF2","NOG","ligand_regulation"
"LAMA2","YARS","ligand_regulation"
"LTF","METTL6","ligand_regulation"
"MIF","MGMT","ligand_regulation"
"TNF","SNX20","ligand_regulation"
"FGF1","PLAT","ligand_regulation"
"PLAU","ATP1B3","ligand_regulation"
"ANGPT2","PSMB8","ligand_regulation"
"APOE","CCL3","ligand_regulation"
"EGF","SPP1","ligand_regulation"
"IFNG","CCL17","ligand_regulation"
"APP","NPM2","ligand_regulation"
"IGF1","HTR5A","ligand_regulation"
"MSTN","ADAM7","ligand_regulation"
"IGF1","EEF1A1","ligand_regulation"
"APP","PIK3CG","ligand_regulation"
"APP","NCKIPSD","ligand_regulation"
"INS","BAIAP2L1","ligand_regulation"
"IL21","SDC1","ligand_regulation"
"CD24","LTB","ligand_regulation"
"MIF","NEB","ligand_regulation"
"MIF","FAM20B","ligand_regulation"
"PLAU","CSTF3","ligand_regulation"
"IL10","RBX1","ligand_regulation"
"INS","KLHL8","ligand_regulation"
"IL2","SSTR5","ligand_regulation"
"FGF23","PDYN","ligand_regulation"
"IFNG","B2M","ligand_regulation"
"LTF","TBX22","ligand_regulation"
"PLAU","CGA","ligand_regulation"
"INS","PSKH1","ligand_regulation"
"IFNA1","LILRA1","ligand_regulation"
"INS","PHF5A","ligand_regulation"
"EGF","PSMB7","ligand_regulation"
"APP","WIF1","ligand_regulation"
"APP","FAM129B","ligand_regulation"
"IGF1","RENBP","ligand_regulation"
"CALR","STX19","ligand_regulation"
"FGF2","BMP2","ligand_regulation"
"INS","BTG4","ligand_regulation"
"CD24","FAM66D","ligand_regulation"
"IL10","XIAP","ligand_regulation"
"IL15","LRRC37A","ligand_regulation"
"FGF23","IL9","ligand_regulation"
